{
  "mode": "montecarlo",
  "num_train_trajectories": 12000,
  "episode_length_train": 30,
  "episode_length_test": 30,
  "use_windowed_test": true,
  "num_test_episodes": 183,
  "rl_agent": {
    "total_pnl": -1.3781122669532273,
    "sharpe_ratio": -0.30203437569848257,
    "mean_action": 0.563234694631811,
    "std_action": 0.30943188373790864,
    "mean_episode_pnl": -0.007530668125427474,
    "std_episode_pnl": 0.053134967284881526
  },
  "benchmark": {
    "total_pnl": -1.2833820616180334,
    "sharpe_ratio": 0.03399432439526531,
    "mean_episode_pnl": -0.007013016730153187,
    "mean_delta": 0.5637664244904098
  },
  "improvements": {
    "pnl": -0.09473020533519394,
    "sharpe": -0.33602870009374786
  },
  "model_path": "results/run_20251231_142347/td3_model.pth",
  "results_dir": "results/run_20251231_142347"
}