{
  "agent_metrics": {
    "n_episodes": 5476,
    "n_steps": 153328,
    "total_pnl": 31.328076662311616,
    "mean_episode_pnl": 0.00572097820714237,
    "std_episode_pnl": 0.062033852092817955,
    "net_pnl": 31.328076662311616,
    "total_transaction_costs": 14.936182438697319,
    "mean_tc_per_episode": 0.002727571665211344,
    "tc_as_pct_of_gross_pnl": 32.28449504851487,
    "total_turnover": 8052.937169277425,
    "mean_turnover_per_step": 0.05252098226858385,
    "mean_turnover_per_episode": 1.470587503520347,
    "rmse_tracking_error": 0.2975470790993415,
    "mse_tracking_error": 0.08853426428054981,
    "mean_absolute_tracking_error": 0.29708401710389154,
    "mean_hedge_ratio": 0.8267021546042895,
    "std_hedge_ratio": 0.06896845794011376,
    "min_hedge_ratio": 0.2927964338138396,
    "max_hedge_ratio": 1.0,
    "pnl_variance": 0.00013781249086991637,
    "pnl_std": 0.011739356493007459,
    "max_drawdown": 15.306152603264156,
    "max_episode_loss": -0.4879400734105665,
    "tail_risk_5pct": -0.018186725287813243,
    "tail_risk_1pct": -0.03378949032587656,
    "positive_pnl_ratio": 52.46986851716582,
    "sharpe_ratio": 0.27629195617934776,
    "sortino_ratio": 0.3514043091979962,
    "calmar_ratio": 2.046763642983062,
    "pnl_improvement": 7.27478005409246,
    "pnl_improvement_pct": 30.244420016866314,
    "tc_savings": -8.673924022562783,
    "tc_savings_pct": -138.51111605702275,
    "information_ratio": 1.1202932722021224,
    "variance_reduction": -5.189326696438841e-05,
    "variance_reduction_pct": -60.39773709018529,
    "drawdown_improvement": -4.60826832902827,
    "drawdown_improvement_pct": -43.076445873755944
  },
  "benchmark_metrics": {
    "n_episodes": 5476,
    "n_steps": 158804,
    "total_pnl": 24.053296608219156,
    "mean_episode_pnl": 0.004392493902158356,
    "std_episode_pnl": 0.05006176573032935,
    "net_pnl": 24.053296608219156,
    "total_transaction_costs": 6.262258416134537,
    "mean_tc_per_episode": 0.001143582617993889,
    "tc_as_pct_of_gross_pnl": 20.656914943842576,
    "total_turnover": 3476.2700434981157,
    "mean_turnover_per_step": 0.02189031789815191,
    "mean_turnover_per_episode": 0.6348192190464051,
    "rmse_tracking_error": 0.0,
    "mse_tracking_error": 0.0,
    "mean_absolute_tracking_error": 0.0,
    "mean_hedge_ratio": 0.5231543648926823,
    "std_hedge_ratio": 0.03457715348182004,
    "min_hedge_ratio": 0.3844370353391107,
    "max_hedge_ratio": 0.6527404198637106,
    "pnl_variance": 8.591922390552796e-05,
    "pnl_std": 0.009269262317225031,
    "max_drawdown": 10.697884274235886,
    "max_episode_loss": -0.36272546404307643,
    "tail_risk_5pct": -0.014439770254506695,
    "tail_risk_1pct": -0.02524599500698424,
    "positive_pnl_ratio": 52.0276567340873,
    "sharpe_ratio": 0.25939898178600856,
    "sortino_ratio": 0.35221002212331937,
    "calmar_ratio": 2.2484162280711533,
    "pnl_improvement": 0.0,
    "pnl_improvement_pct": 0.0,
    "tc_savings": 0.0,
    "tc_savings_pct": 0.0,
    "information_ratio": 0.0,
    "variance_reduction": 0.0,
    "variance_reduction_pct": 0.0,
    "drawdown_improvement": 0.0,
    "drawdown_improvement_pct": 0.0
  },
  "test_period": "2004-2025",
  "episode_length": 30,
  "n_episodes": 5476
}