{
  "train_years": [
    2005,
    2006,
    2007,
    2008,
    2009,
    2010
  ],
  "validation_year": 2011,
  "test_year": 2012,
  "num_epochs": 1,
  "rl_agent": {
    "total_reward": -37.11627857753441,
    "cumulative_pnl": 52.61315780721816,
    "sharpe_ratio": -12.371355223094135,
    "mean_action": 0.7828056216239929,
    "std_action": 0.14649026095867157,
    "steps": 17566
  },
  "benchmark": {
    "cumulative_pnl": -796.4375847781525,
    "cumulative_reward": -804.4840500563097,
    "sharpe_ratio": -16.054039657872597,
    "mean_delta": 0.6199775565804273,
    "std_delta": 0.45252461447402026
  },
  "improvements": {
    "pnl": 849.0507425853707,
    "sharpe": 3.682684434778462
  },
  "model_path": "results/run_20251229_100507/td3_model.pth",
  "results_dir": "results/run_20251229_100507"
}