{
  "episode_rewards": [
    -202.31473763257912,
    -75.40519386999767,
    -46.82729872636798,
    -48.44658273935201,
    -61.76024376459996,
    -34.51704495096743
  ],
  "episode_pnls": [
    -200.2933304161,
    -74.58058968052272,
    -46.33012409683235,
    -47.94860841987251,
    -61.10419430012015,
    -34.078820711290746
  ],
  "episode_lengths": [
    17518,
    17518,
    17518,
    17518,
    17566,
    17518
  ],
  "validation_rewards": [
    -37.38339757392689
  ],
  "validation_pnls": [
    -36.97302443115811
  ],
  "actor_losses": [
    0.0,
    0.0,
    0.0,
    0.0,
    0.0,
    0.0
  ],
  "critic_losses": [
    0.0,
    0.0,
    0.0,
    0.0,
    0.0,
    0.0
  ],
  "exploration_noise": [
    0.29033272,
    0.28052264,
    0.27071256,
    0.26090248,
    0.25106552,
    0.24125544
  ]
}