{
  "mode": "montecarlo",
  "num_epochs": 1,
  "num_train_envs": 50,
  "num_val_envs": 10,
  "rl_agent": {
    "total_reward": 1.4914136477279105,
    "cumulative_pnl": 1912.249697941661,
    "sharpe_ratio": 0.4260809843091952,
    "mean_action": 1.0,
    "std_action": 0.0,
    "steps": 5503
  },
  "benchmark": {
    "cumulative_pnl": 90.55937206916082,
    "cumulative_reward": -81307.97322638427,
    "sharpe_ratio": 0.019648624397361623,
    "mean_delta": 0.4292343345260646,
    "std_delta": 0.33049176944366976
  },
  "improvements": {
    "pnl": 1821.6903258725001,
    "sharpe": 0.4064323599118336
  },
  "model_path": "results/run_20251229_131812/td3_model.pth",
  "results_dir": "results/run_20251229_131812"
}