{
  "episode_rewards": [
    -16.9641589365878,
    -17.368157280329577,
    -18.012278782424755,
    -17.199321166613792,
    -2.1205365289030897,
    -1.1675973451939194,
    -2.0923582817510824,
    -1.7187980641142957,
    -1.5651383689422533,
    -2.2967508200910016,
    -2.352178120945821,
    -0.5525246233376395,
    -2.41667324960002,
    -2.515876770195377,
    -2.4460657612477665,
    -1.6726973782902674,
    -1.842070505100619,
    -0.6097160161827422,
    -0.8087800352475515,
    -1.6783627148043114,
    -1.0280926600310392,
    -1.243296762259069,
    -2.8642444307155013,
    -1.2293860374394672,
    -2.919838724520477,
    -3.42737980471766,
    -0.7841900955064339,
    -2.7591301907986163,
    -3.3673256579677613,
    -1.685650242626607,
    -2.0784305302154906,
    -0.2891016123349805,
    -2.1764484517637976,
    -1.2233118406541972,
    -1.382493980485525,
    -0.11821014291162067,
    -2.3804275605558214,
    -2.0500312633924804,
    -1.989151189277989,
    -1.7919878538840788,
    -0.9473471841296682,
    -0.11237245691836312,
    -0.6811285232348043,
    -1.8089784954155474,
    -1.6173410735280678,
    -0.9533132465443357,
    -0.7808674793508794,
    0.403443819334053,
    -1.1181007679964765,
    -1.4322919180164408
  ],
  "episode_pnls": [
    0,
    0,
    0,
    0,
    0,
    0,
    0,
    0,
    0,
    0,
    0,
    0,
    0,
    0,
    0,
    0,
    0,
    0,
    0,
    0,
    0,
    0,
    0,
    0,
    0,
    0,
    0,
    0,
    0,
    0,
    0,
    0,
    0,
    0,
    0,
    0,
    0,
    0,
    0,
    0,
    0,
    0,
    0,
    0,
    0,
    0,
    0,
    0,
    0,
    0
  ],
  "episode_lengths": [
    252,
    252,
    252,
    252,
    252,
    252,
    252,
    252,
    252,
    252,
    252,
    252,
    252,
    252,
    252,
    252,
    252,
    252,
    252,
    252,
    252,
    252,
    252,
    252,
    252,
    252,
    252,
    252,
    252,
    252,
    252,
    252,
    252,
    252,
    252,
    252,
    252,
    252,
    252,
    252,
    252,
    252,
    252,
    252,
    252,
    252,
    252,
    252,
    252,
    252
  ],
  "validation_rewards": [
    -1.6312106643514763,
    -1.769393539940988,
    -0.7835170268014576,
    -1.1581686945555767,
    -0.6890714351286907,
    -0.35232005935537697,
    -1.3517022855689034,
    -0.33450070063289306,
    -0.33140779910315415,
    -0.1436885100584347
  ],
  "validation_pnls": [
    1281.7610536399513,
    429.8266681001376,
    -1039.0102390853242,
    1924.7662251452523,
    -552.0503621647454,
    -2162.9074593547525,
    -764.9426803161581,
    -674.8212308923742,
    -1521.5200691028854,
    1113.1935171672167
  ],
  "actor_losses": [
    0,
    0,
    0,
    0,
    0,
    0,
    0,
    0,
    0,
    0,
    0,
    0,
    0,
    0,
    0,
    0,
    0,
    0,
    0,
    0,
    0,
    0,
    0,
    0,
    0,
    0,
    0,
    0,
    0,
    0,
    0,
    0,
    0,
    0,
    0,
    0,
    0,
    0,
    0,
    0,
    0,
    0,
    0,
    0,
    0,
    0,
    0,
    0,
    0,
    0
  ],
  "critic_losses": [
    0.0,
    0.0,
    0.0,
    0.0,
    0.0,
    0.0,
    0.0,
    0.0,
    0.0,
    0.0,
    0.0,
    0.0,
    0.0,
    0.0,
    0.0,
    0.0,
    0.0,
    0.0,
    0.0,
    0.0,
    0.0,
    0.0,
    0.0,
    0.0,
    0.0,
    0.0,
    0.0,
    0.0,
    0.0,
    0.0,
    0.0,
    0.0,
    0.0,
    0.0,
    0.0,
    0.0,
    0.0,
    0.0,
    0.0,
    0.0,
    0.0,
    0.0,
    0.0,
    0.0,
    0.0,
    0.0,
    0.0,
    0.0,
    0.0,
    0.0
  ],
  "exploration_noise": [
    0.293532,
    0.293532,
    0.293532,
    0.293532,
    0.293532,
    0.293532,
    0.293532,
    0.293532,
    0.293532,
    0.293532,
    0.293532,
    0.293532,
    0.293532,
    0.293532,
    0.293532,
    0.293532,
    0.293532,
    0.293532,
    0.293532,
    0.293532,
    0.293532,
    0.293532,
    0.293532,
    0.293532,
    0.293532,
    0.293532,
    0.293532,
    0.293532,
    0.293532,
    0.293532,
    0.293532,
    0.293532,
    0.293532,
    0.293532,
    0.293532,
    0.293532,
    0.293532,
    0.293532,
    0.293532,
    0.293532,
    0.293532,
    0.293532,
    0.293532,
    0.293532,
    0.293532,
    0.293532,
    0.293532,
    0.293532,
    0.293532,
    0.293532
  ]
}