{
  "mode": "montecarlo",
  "num_train_trajectories": 600,
  "rl_agent": {
    "total_reward": 1.4914136477279105,
    "cumulative_pnl_normalized": 2.0038350429338934,
    "cumulative_pnl_raw": 1912.249697941661,
    "sharpe_ratio": 0.4260809843091952,
    "mean_action": 1.0,
    "std_action": 0.0,
    "steps": 5503
  },
  "benchmark": {
    "cumulative_pnl": -21.047124206784883,
    "cumulative_reward": -21.458751842172163,
    "sharpe_ratio": -6.3068424504514855,
    "mean_delta": 0.5218158364554831,
    "std_delta": 0.035310151098926726
  },
  "improvements": {
    "pnl": 23.050959249718776,
    "sharpe": 6.73292343476068
  },
  "model_path": "results/run_20251229_135858/td3_model.pth",
  "results_dir": "results/run_20251229_135858"
}