{
  "opt_mean": 0.1847744946446825,
  "opt_std": 0.3264869336235598,
  "stock_mean": 114.03139936539118,
  "stock_std": 1.9656239331319334,
  "moneyness_mean": 0.9674186431348692,
  "moneyness_std": 0.01667594407230483,
  "ttm_mean": 0.0615079365079365,
  "ttm_std": 0.034310037749996775,
  "vol_mean": 0.16314765496124145,
  "vol_std": 0.0317815240147679
}