{
  "mode": "montecarlo",
  "num_train_trajectories": 6000,
  "episode_length_train": 30,
  "episode_length_test": 30,
  "use_windowed_test": true,
  "num_test_episodes": 183,
  "rl_agent": {
    "total_pnl": -1.2330872962318844,
    "sharpe_ratio": 0.03685353999124561,
    "mean_action": 0.5421633720312679,
    "std_action": 0.19815256797988856,
    "mean_episode_pnl": -0.006738181946622316,
    "std_episode_pnl": 0.05705101579724334
  },
  "benchmark": {
    "total_pnl": -1.2833820616180334,
    "sharpe_ratio": 0.03399432439526531,
    "mean_episode_pnl": -0.007013016730153187,
    "mean_delta": 0.5637664244904098
  },
  "improvements": {
    "pnl": 0.050294765386148965,
    "sharpe": 0.002859215595980298
  },
  "model_path": "results/run_20251231_120057/td3_model.pth",
  "results_dir": "results/run_20251231_120057"
}