{
  "train_years": [
    2005,
    2006,
    2007,
    2008,
    2009,
    2010
  ],
  "validation_year": 2011,
  "test_year": 2012,
  "num_epochs": 1,
  "rl_agent": {
    "total_reward": -64.72405284232866,
    "cumulative_pnl": -194.94874037235604,
    "sharpe_ratio": -14.491768407824955,
    "mean_action": -0.222890704870224,
    "std_action": 0.3847487270832062,
    "steps": 17566
  },
  "benchmark": {
    "cumulative_pnl": -796.4375847781525,
    "cumulative_reward": -804.4840500563097,
    "sharpe_ratio": -16.054039657872597,
    "mean_delta": 0.6199775565804273,
    "std_delta": 0.45252461447402026
  },
  "improvements": {
    "pnl": 601.4888444057965,
    "sharpe": 1.5622712500476421
  },
  "model_path": "results/run_20251229_091627/td3_model.pth",
  "results_dir": "results/run_20251229_091627"
}