{
  "episode_rewards": [
    -184.94517414127958,
    -144.7752434992299,
    -41.514212736836505,
    -5.717519027565491,
    -64.7811287680081,
    -58.98245602070987
  ],
  "episode_pnls": [
    -183.1064280232783,
    -143.3372294416207,
    -41.081476411265214,
    -5.608230407445704,
    -64.09398727402564,
    -58.37424566486004
  ],
  "episode_lengths": [
    17518,
    17518,
    17518,
    17518,
    17566,
    17518
  ],
  "validation_rewards": [
    -47.00716835225089
  ],
  "validation_pnls": [
    -46.523395024262086
  ],
  "actor_losses": [
    0.0,
    0.0,
    0.0,
    0.0,
    0.0,
    0.0
  ],
  "critic_losses": [
    0.0,
    0.0,
    0.0,
    0.0,
    0.0,
    0.0
  ],
  "exploration_noise": [
    0.29033272,
    0.28052264,
    0.27071256,
    0.26090248,
    0.25106552,
    0.24125544
  ]
}