{
  "agent_metrics": {
    "n_episodes": 183,
    "n_steps": 5124,
    "total_pnl": -0.7806040752029756,
    "mean_episode_pnl": -0.004265596039360523,
    "std_episode_pnl": 0.04995510672370205,
    "net_pnl": -0.7806040752029756,
    "total_transaction_costs": 0.3953446650387388,
    "mean_tc_per_episode": 0.002160353360867425,
    "tc_as_pct_of_gross_pnl": 102.61778287782836,
    "total_turnover": 220.46466526313895,
    "mean_turnover_per_step": 0.043025890956896753,
    "mean_turnover_per_episode": 1.204724946793109,
    "rmse_tracking_error": 0.252405092185982,
    "mse_tracking_error": 0.06370833056141408,
    "mean_absolute_tracking_error": 0.22763316560825106,
    "mean_hedge_ratio": 0.8277303875214197,
    "std_hedge_ratio": 0.2086386584905637,
    "min_hedge_ratio": 0.29166311025619507,
    "max_hedge_ratio": 1.0,
    "pnl_variance": 0.00010813013120409187,
    "pnl_std": 0.01039856390104383,
    "max_drawdown": 1.1075047141677026,
    "max_episode_loss": -0.2215092178045705,
    "tail_risk_5pct": -0.015069514407491717,
    "tail_risk_1pct": -0.035676982830433475,
    "positive_pnl_ratio": 59.89461358313818,
    "sharpe_ratio": -0.23256727194684637,
    "sortino_ratio": -0.2320173607761714,
    "calmar_ratio": -0.7048313792412206,
    "pnl_improvement": 0.49784644099657005,
    "pnl_improvement_pct": 38.9413930917342,
    "tc_savings": -0.13432284235313718,
    "tc_savings_pct": -51.46038785995599,
    "information_ratio": 1.8335112306290688,
    "variance_reduction": 2.1150801969155064e-05,
    "variance_reduction_pct": 16.36034135119622,
    "drawdown_improvement": 0.3467204326162696,
    "drawdown_improvement_pct": 23.842280088681175
  },
  "benchmark_metrics": {
    "n_episodes": 183,
    "n_steps": 5307,
    "total_pnl": -1.2784505161995456,
    "mean_episode_pnl": -0.006986068394533036,
    "std_episode_pnl": 0.050853322316890395,
    "net_pnl": -1.2784505161995456,
    "total_transaction_costs": 0.2610218226856016,
    "mean_tc_per_episode": 0.0014263487578448175,
    "tc_as_pct_of_gross_pnl": 25.6550482947456,
    "total_turnover": 149.58604145245474,
    "mean_turnover_per_step": 0.028186553882128273,
    "mean_turnover_per_episode": 0.8174100625817199,
    "rmse_tracking_error": 0.0,
    "mse_tracking_error": 0.0,
    "mean_absolute_tracking_error": 0.0,
    "mean_hedge_ratio": 0.5650167220421571,
    "std_hedge_ratio": 0.24600901632304817,
    "min_hedge_ratio": 4.1304824629063786e-151,
    "max_hedge_ratio": 1.0,
    "pnl_variance": 0.00012928093317324694,
    "pnl_std": 0.011370177358917799,
    "max_drawdown": 1.4542251467839722,
    "max_episode_loss": -0.187810497438101,
    "tail_risk_5pct": -0.01675006100054193,
    "tail_risk_1pct": -0.03896323336890303,
    "positive_pnl_ratio": 57.263990955342,
    "sharpe_ratio": -0.3363317495906266,
    "sortino_ratio": -0.33946816905154725,
    "calmar_ratio": -0.8791283241297586,
    "pnl_improvement": 0.0,
    "pnl_improvement_pct": 0.0,
    "tc_savings": 0.0,
    "tc_savings_pct": 0.0,
    "information_ratio": 0.0,
    "variance_reduction": 0.0,
    "variance_reduction_pct": 0.0,
    "drawdown_improvement": 0.0,
    "drawdown_improvement_pct": 0.0
  },
  "test_period": "2004-2025",
  "episode_length": 30,
  "n_episodes": 183
}