{
  "agent_metrics": {
    "n_episodes": 200,
    "n_steps": 5800,
    "total_pnl": -2.0848897521381025,
    "mean_episode_pnl": -0.010424448760690512,
    "std_episode_pnl": 0.039895038255664775,
    "net_pnl": -2.0848897521381025,
    "total_transaction_costs": 0.48219827644440605,
    "mean_tc_per_episode": 0.0024109913822220304,
    "tc_as_pct_of_gross_pnl": 30.086781127708633,
    "total_turnover": 4874.20525924488,
    "mean_turnover_per_step": 0.8403802171111862,
    "mean_turnover_per_episode": 24.3710262962244,
    "rmse_tracking_error": 0.015945303827442386,
    "mse_tracking_error": 0.0002542527141494488,
    "mean_absolute_tracking_error": 0.012360954292599076,
    "mean_hedge_ratio": 0.45400076350876556,
    "std_hedge_ratio": 0.2993208725449559,
    "min_hedge_ratio": 0.0,
    "max_hedge_ratio": 0.9871291400720899,
    "pnl_variance": 6.089951852446079e-05,
    "pnl_std": 0.007803814357380677,
    "max_drawdown": 2.251833628359265,
    "max_episode_loss": -0.06935143715599998,
    "sharpe_ratio": -0.7312206405206466,
    "sortino_ratio": -0.9251637992954882,
    "pnl_improvement": -0.22528910752176845,
    "pnl_improvement_pct": -12.11491876893005,
    "tc_savings": -0.09313719191837982,
    "tc_savings_pct": -23.938963731580667,
    "information_ratio": -1.3001775913099152
  },
  "benchmark_metrics": {
    "n_episodes": 200,
    "n_steps": 6000,
    "total_pnl": -1.859600644616334,
    "mean_episode_pnl": -0.00929800322308167,
    "std_episode_pnl": 0.044623140510150525,
    "net_pnl": -1.859600644616334,
    "total_transaction_costs": 0.3890610845260262,
    "mean_tc_per_episode": 0.001945305422630131,
    "tc_as_pct_of_gross_pnl": 26.457029452654336,
    "total_turnover": 3935.4024088070855,
    "mean_turnover_per_step": 0.6559004014678476,
    "mean_turnover_per_episode": 19.67701204403543,
    "rmse_tracking_error": 0.0,
    "mse_tracking_error": 0.0,
    "mean_absolute_tracking_error": 0.0,
    "mean_hedge_ratio": 0.45994106342101443,
    "std_hedge_ratio": 0.3283791991657831,
    "min_hedge_ratio": 1.7024455216382427e-146,
    "max_hedge_ratio": 1.0,
    "pnl_variance": 6.926820692724796e-05,
    "pnl_std": 0.00832275236488795,
    "max_drawdown": 2.1887461379317767,
    "max_episode_loss": -0.07440519227693193,
    "sharpe_ratio": -0.5911555009502513,
    "sortino_ratio": -0.7379004409098762,
    "pnl_improvement": 0.0,
    "pnl_improvement_pct": 0.0,
    "tc_savings": 0.0,
    "tc_savings_pct": 0.0,
    "information_ratio": 0.0
  },
  "market_drift": -0.15,
  "n_episodes": 200,
  "seed": 42
}