{
  "agent_metrics": {
    "n_episodes": 183,
    "n_steps": 5124,
    "total_pnl": -1.1650107951314457,
    "mean_episode_pnl": -0.0063661792083685555,
    "std_episode_pnl": 0.05138088628495106,
    "net_pnl": -1.1650107951314457,
    "total_transaction_costs": 0.4098865256103925,
    "mean_tc_per_episode": 0.0022398170798382105,
    "tc_as_pct_of_gross_pnl": 54.280671692669614,
    "total_turnover": 224.19362646163552,
    "mean_turnover_per_step": 0.04375363514083441,
    "mean_turnover_per_episode": 1.2251017839433636,
    "rmse_tracking_error": 0.14060951922222673,
    "mse_tracking_error": 0.019771036895905744,
    "mean_absolute_tracking_error": 0.11880364592798091,
    "mean_hedge_ratio": 0.6751797271081449,
    "std_hedge_ratio": 0.2397996211811345,
    "min_hedge_ratio": 0.0,
    "max_hedge_ratio": 1.0,
    "pnl_variance": 0.0001222642612768502,
    "pnl_std": 0.011057317092172505,
    "max_drawdown": 1.31513957643489,
    "max_episode_loss": -0.22614566225806293,
    "sharpe_ratio": -0.3264159220788739,
    "sortino_ratio": -0.32647757500396607,
    "pnl_improvement": 0.11902896654272355,
    "pnl_improvement_pct": 9.269881673097883,
    "tc_savings": -0.14886470292479093,
    "tc_savings_pct": -57.03151613652515,
    "information_ratio": 0.498675339327181
  },
  "benchmark_metrics": {
    "n_episodes": 183,
    "n_steps": 5307,
    "total_pnl": -1.2840397616741692,
    "mean_episode_pnl": -0.0070166107195309795,
    "std_episode_pnl": 0.05085369683446482,
    "net_pnl": -1.2840397616741692,
    "total_transaction_costs": 0.2610218226856016,
    "mean_tc_per_episode": 0.0014263487578448175,
    "tc_as_pct_of_gross_pnl": 25.514882265277517,
    "total_turnover": 149.58604145245474,
    "mean_turnover_per_step": 0.028186553882128273,
    "mean_turnover_per_episode": 0.8174100625817199,
    "rmse_tracking_error": 0.0,
    "mse_tracking_error": 0.0,
    "mean_absolute_tracking_error": 0.0,
    "mean_hedge_ratio": 0.5650167220421571,
    "std_hedge_ratio": 0.24600901632304817,
    "min_hedge_ratio": 4.1304824629063786e-151,
    "max_hedge_ratio": 1.0,
    "pnl_variance": 0.00012925586694485943,
    "pnl_std": 0.011369075025913913,
    "max_drawdown": 1.454225146783972,
    "max_episode_loss": -0.187810497438101,
    "sharpe_ratio": -0.337834908046274,
    "sortino_ratio": -0.3409766257342178,
    "pnl_improvement": 0.0,
    "pnl_improvement_pct": 0.0,
    "tc_savings": 0.0,
    "tc_savings_pct": 0.0,
    "information_ratio": 0.0
  },
  "test_period": "2004-2025",
  "episode_length": 30,
  "n_episodes": 183
}