{
  "mode": "montecarlo",
  "num_train_trajectories": 12000,
  "episode_length_train": 30,
  "episode_length_test": 30,
  "use_windowed_test": true,
  "num_test_episodes": 183,
  "rl_agent": {
    "total_pnl": -1.1641641098439546,
    "sharpe_ratio": -0.32619005358822833,
    "mean_action": 0.675179706664124,
    "std_action": 0.23979891631157998,
    "mean_episode_pnl": -0.006361552512808495,
    "std_episode_pnl": 0.05138023929140993
  },
  "benchmark": {
    "total_pnl": -1.2833820616180334,
    "sharpe_ratio": -0.33764698879980065,
    "mean_episode_pnl": -0.007013016730153187,
    "mean_delta": 0.5650167220421571
  },
  "improvements": {
    "pnl": 0.11921795177407879,
    "tc_savings": -0.1488459838078232,
    "tc_savings_pct": -57.02434466067875,
    "information_ratio": 0.4994720424267177
  },
  "model_path": "results/run_20251231_163415/td3_model.pth",
  "results_dir": "results/run_20251231_163415",
  "rl_agent_metrics": {
    "n_episodes": 183,
    "n_steps": 5124,
    "total_pnl": -1.1641641098439546,
    "mean_episode_pnl": -0.006361552512808495,
    "std_episode_pnl": 0.05138023929140993,
    "net_pnl": -1.1641641098439546,
    "total_transaction_costs": 0.4098678064934248,
    "mean_tc_per_episode": 0.0022397147895815562,
    "tc_as_pct_of_gross_pnl": 54.3377721291781,
    "total_turnover": 224.17673491422556,
    "mean_turnover_per_step": 0.043750338585914435,
    "mean_turnover_per_episode": 1.2250094804056042,
    "rmse_tracking_error": 0.14060977072038996,
    "mse_tracking_error": 0.019771107622040634,
    "mean_absolute_tracking_error": 0.11880464510260334,
    "mean_hedge_ratio": 0.675179706664124,
    "std_hedge_ratio": 0.23979891631157998,
    "min_hedge_ratio": 0.0,
    "max_hedge_ratio": 1.0,
    "pnl_variance": 0.00012225574680748113,
    "pnl_std": 0.011056932070311418,
    "max_drawdown": 1.3151395764348903,
    "max_episode_loss": -0.22614566225806293,
    "sharpe_ratio": -0.32619005358822833,
    "sortino_ratio": -0.3262600734848517,
    "pnl_improvement": 0.11921795177407879,
    "pnl_improvement_pct": 9.289357810079867,
    "tc_savings": -0.1488459838078232,
    "tc_savings_pct": -57.02434466067875,
    "information_ratio": 0.4994720424267177
  },
  "benchmark_metrics": {
    "n_episodes": 183,
    "n_steps": 5307,
    "total_pnl": -1.2833820616180334,
    "mean_episode_pnl": -0.007013016730153187,
    "std_episode_pnl": 0.05085347945218503,
    "net_pnl": -1.2833820616180334,
    "total_transaction_costs": 0.2610218226856016,
    "mean_tc_per_episode": 0.0014263487578448175,
    "tc_as_pct_of_gross_pnl": 25.53129638122132,
    "total_turnover": 149.58604145245474,
    "mean_turnover_per_step": 0.028186553882128273,
    "mean_turnover_per_episode": 0.8174100625817199,
    "rmse_tracking_error": 0.0,
    "mse_tracking_error": 0.0,
    "mean_absolute_tracking_error": 0.0,
    "mean_hedge_ratio": 0.5650167220421571,
    "std_hedge_ratio": 0.24600901632304817,
    "min_hedge_ratio": 4.1304824629063786e-151,
    "max_hedge_ratio": 1.0,
    "pnl_variance": 0.00012926725688786552,
    "pnl_std": 0.011369575932631151,
    "max_drawdown": 1.4542251467839717,
    "max_episode_loss": -0.187810497438101,
    "sharpe_ratio": -0.33764698879980065,
    "sortino_ratio": -0.34081001192532023,
    "pnl_improvement": 0.0,
    "pnl_improvement_pct": 0.0,
    "tc_savings": 0.0,
    "tc_savings_pct": 0.0,
    "information_ratio": 0.0
  }
}