{
  "episode_rewards": [
    -180.97111689474931,
    -104.30336593543856,
    -44.97380743496112,
    -67.83224989975136,
    -64.050458701475,
    -38.3871369145414
  ],
  "episode_pnls": [
    -179.1712830667385,
    -103.24082148978087,
    -44.50355222673326,
    -67.15005752801851,
    -63.38786497440795,
    -37.94146814673331
  ],
  "episode_lengths": [
    17518,
    17518,
    17518,
    17518,
    17566,
    17518
  ],
  "validation_rewards": [
    -41.9619357395042
  ],
  "validation_pnls": [
    -41.51944112648794
  ],
  "actor_losses": [
    0.0,
    0.0,
    0.0,
    0.0,
    0.0,
    0.0
  ],
  "critic_losses": [
    0.0,
    0.0,
    0.0,
    0.0,
    0.0,
    0.0
  ],
  "exploration_noise": [
    0.29033272,
    0.28052264,
    0.27071256,
    0.26090248,
    0.25106552,
    0.24125544
  ]
}