{
  "mode": "montecarlo",
  "num_train_trajectories": 12000,
  "episode_length_train": 30,
  "episode_length_test": 30,
  "use_windowed_test": true,
  "num_test_episodes": 183,
  "rl_agent": {
    "total_pnl": -1.3675587199215495,
    "sharpe_ratio": -0.27332584942112653,
    "mean_action": 0.5941343428575246,
    "std_action": 0.28211739530367075,
    "mean_episode_pnl": -0.0074729984695166615,
    "std_episode_pnl": 0.052271577948026726
  },
  "benchmark": {
    "total_pnl": -1.2833820616180334,
    "sharpe_ratio": 0.03399432439526531,
    "mean_episode_pnl": -0.007013016730153187,
    "mean_delta": 0.5637664244904098
  },
  "improvements": {
    "pnl": -0.08417665830351617,
    "sharpe": -0.3073201738163919
  },
  "model_path": "results/run_20251231_131059/td3_model.pth",
  "results_dir": "results/run_20251231_131059"
}