{
  "mode": "montecarlo",
  "num_train_trajectories": 12000,
  "episode_length_train": 30,
  "episode_length_test": 30,
  "use_windowed_test": true,
  "num_test_episodes": 183,
  "rl_agent": {
    "total_pnl": -1.1844318995876335,
    "sharpe_ratio": -0.33163770336036635,
    "mean_action": 0.6730677714361053,
    "std_action": 0.24063256083560094,
    "mean_episode_pnl": -0.006472305462227506,
    "std_episode_pnl": 0.051439181317771136
  },
  "benchmark": {
    "total_pnl": -1.2833820616180334,
    "sharpe_ratio": -0.33764698879980065,
    "mean_episode_pnl": -0.007013016730153187,
    "mean_delta": 0.5650167220421571
  },
  "improvements": {
    "pnl": 0.09895016203039986,
    "tc_savings": -0.15380257514861678,
    "tc_savings_pct": -58.92326303072007,
    "information_ratio": 0.4150214658557286
  },
  "model_path": "results/run_20251231_161421/td3_model.pth",
  "results_dir": "results/run_20251231_161421",
  "rl_agent_metrics": {
    "n_episodes": 183,
    "n_steps": 5124,
    "total_pnl": -1.1844318995876335,
    "mean_episode_pnl": -0.006472305462227506,
    "std_episode_pnl": 0.051439181317771136,
    "net_pnl": -1.1844318995876335,
    "total_transaction_costs": 0.4148243978342184,
    "mean_tc_per_episode": 0.002266799988165128,
    "tc_as_pct_of_gross_pnl": 53.90077369166932,
    "total_turnover": 226.55870448325032,
    "mean_turnover_per_step": 0.04421520384138375,
    "mean_turnover_per_episode": 1.2380257075587449,
    "rmse_tracking_error": 0.14465672448785577,
    "mse_tracking_error": 0.020925567939555408,
    "mean_absolute_tracking_error": 0.12303432494839214,
    "mean_hedge_ratio": 0.6730677714361053,
    "std_hedge_ratio": 0.24063256083560094,
    "min_hedge_ratio": 0.0,
    "max_hedge_ratio": 1.0,
    "pnl_variance": 0.00012242629080370463,
    "pnl_std": 0.011064641467472167,
    "max_drawdown": 1.333845103660507,
    "max_episode_loss": -0.2276557715752733,
    "sharpe_ratio": -0.33163770336036635,
    "sortino_ratio": -0.3321161039156861,
    "pnl_improvement": 0.09895016203039986,
    "pnl_improvement_pct": 7.71010948256887,
    "tc_savings": -0.15380257514861678,
    "tc_savings_pct": -58.92326303072007,
    "information_ratio": 0.4150214658557286
  },
  "benchmark_metrics": {
    "n_episodes": 183,
    "n_steps": 5307,
    "total_pnl": -1.2833820616180334,
    "mean_episode_pnl": -0.007013016730153187,
    "std_episode_pnl": 0.05085347945218503,
    "net_pnl": -1.2833820616180334,
    "total_transaction_costs": 0.2610218226856016,
    "mean_tc_per_episode": 0.0014263487578448175,
    "tc_as_pct_of_gross_pnl": 25.53129638122132,
    "total_turnover": 149.58604145245474,
    "mean_turnover_per_step": 0.028186553882128273,
    "mean_turnover_per_episode": 0.8174100625817199,
    "rmse_tracking_error": 0.0,
    "mse_tracking_error": 0.0,
    "mean_absolute_tracking_error": 0.0,
    "mean_hedge_ratio": 0.5650167220421571,
    "std_hedge_ratio": 0.24600901632304817,
    "min_hedge_ratio": 4.1304824629063786e-151,
    "max_hedge_ratio": 1.0,
    "pnl_variance": 0.00012926725688786552,
    "pnl_std": 0.011369575932631151,
    "max_drawdown": 1.4542251467839717,
    "max_episode_loss": -0.187810497438101,
    "sharpe_ratio": -0.33764698879980065,
    "sortino_ratio": -0.34081001192532023,
    "pnl_improvement": 0.0,
    "pnl_improvement_pct": 0.0,
    "tc_savings": 0.0,
    "tc_savings_pct": 0.0,
    "information_ratio": 0.0
  }
}