{
  "mode": "montecarlo",
  "num_train_trajectories": 6000,
  "episode_length_train": 30,
  "episode_length_test": 30,
  "use_windowed_test": true,
  "num_test_episodes": 183,
  "rl_agent": {
    "total_pnl": -1.0103018538835278,
    "sharpe_ratio": 0.3947518322378116,
    "mean_action": 0.523385234136399,
    "std_action": 0.4578264772519048,
    "mean_episode_pnl": -0.005520775157833485,
    "std_episode_pnl": 0.0680613634784113
  },
  "benchmark": {
    "total_pnl": -1.2833820616180334,
    "sharpe_ratio": 0.03399432439526531,
    "mean_episode_pnl": -0.007013016730153187,
    "mean_delta": 0.5637664244904098
  },
  "improvements": {
    "pnl": 0.2730802077345056,
    "sharpe": 0.36075750784254623
  },
  "model_path": "results/run_20251230_144831/td3_model.pth",
  "results_dir": "results/run_20251230_144831"
}