{
  "agent_metrics": {
    "n_episodes": 200,
    "n_steps": 5800,
    "total_pnl": -2.1246645898788006,
    "mean_episode_pnl": -0.010623322949394004,
    "std_episode_pnl": 0.04140036257024032,
    "net_pnl": -2.1246645898788006,
    "total_transaction_costs": 0.49258111357362383,
    "mean_tc_per_episode": 0.002462905567868119,
    "tc_as_pct_of_gross_pnl": 30.181122517627774,
    "total_turnover": 4975.572720367332,
    "mean_turnover_per_step": 0.8578573655805746,
    "mean_turnover_per_episode": 24.877863601836662,
    "rmse_tracking_error": 0.0015132087572425257,
    "mse_tracking_error": 2.2898007429954687e-06,
    "mean_absolute_tracking_error": 0.0010887290168604164,
    "mean_hedge_ratio": 0.46609995737695403,
    "std_hedge_ratio": 0.3076113468152609,
    "min_hedge_ratio": 0.0,
    "max_hedge_ratio": 1.0,
    "pnl_variance": 6.483370302912586e-05,
    "pnl_std": 0.008051937843098756,
    "max_drawdown": 2.313216448364307,
    "max_episode_loss": -0.07063818430381667,
    "sharpe_ratio": -0.7222079138329469,
    "sortino_ratio": -0.9153940513704417,
    "pnl_improvement": -0.26506394526246657,
    "pnl_improvement_pct": -14.253810140894718,
    "tc_savings": -0.1035200290475976,
    "tc_savings_pct": -26.607654469917215,
    "information_ratio": -1.5677352525986434
  },
  "benchmark_metrics": {
    "n_episodes": 200,
    "n_steps": 6000,
    "total_pnl": -1.859600644616334,
    "mean_episode_pnl": -0.00929800322308167,
    "std_episode_pnl": 0.044623140510150525,
    "net_pnl": -1.859600644616334,
    "total_transaction_costs": 0.3890610845260262,
    "mean_tc_per_episode": 0.001945305422630131,
    "tc_as_pct_of_gross_pnl": 26.457029452654336,
    "total_turnover": 3935.4024088070855,
    "mean_turnover_per_step": 0.6559004014678476,
    "mean_turnover_per_episode": 19.67701204403543,
    "rmse_tracking_error": 0.0,
    "mse_tracking_error": 0.0,
    "mean_absolute_tracking_error": 0.0,
    "mean_hedge_ratio": 0.45994106342101443,
    "std_hedge_ratio": 0.3283791991657831,
    "min_hedge_ratio": 1.7024455216382427e-146,
    "max_hedge_ratio": 1.0,
    "pnl_variance": 6.926820692724796e-05,
    "pnl_std": 0.00832275236488795,
    "max_drawdown": 2.1887461379317767,
    "max_episode_loss": -0.07440519227693193,
    "sharpe_ratio": -0.5911555009502513,
    "sortino_ratio": -0.7379004409098762,
    "pnl_improvement": 0.0,
    "pnl_improvement_pct": 0.0,
    "tc_savings": 0.0,
    "tc_savings_pct": 0.0,
    "information_ratio": 0.0
  },
  "market_drift": -0.15,
  "n_episodes": 200,
  "seed": 42
}