{
  "agent_metrics": {
    "n_episodes": 183,
    "n_steps": 5124,
    "total_pnl": -1.1021098422795137,
    "mean_episode_pnl": -0.006022458154532862,
    "std_episode_pnl": 0.04883871249965001,
    "net_pnl": -1.1021098422795137,
    "total_transaction_costs": 0.42450643305056096,
    "mean_tc_per_episode": 0.002319707284429295,
    "tc_as_pct_of_gross_pnl": 62.64821387684698,
    "total_turnover": 236.96537400464314,
    "mean_turnover_per_step": 0.046246169790133324,
    "mean_turnover_per_episode": 1.2948927541237334,
    "rmse_tracking_error": 0.13922627827315687,
    "mse_tracking_error": 0.019383956561794514,
    "mean_absolute_tracking_error": 0.11750774365660173,
    "mean_hedge_ratio": 0.7176049655697704,
    "std_hedge_ratio": 0.2579465468923344,
    "min_hedge_ratio": 0.01550279978214052,
    "max_hedge_ratio": 1.0,
    "pnl_variance": 0.00010796604176947392,
    "pnl_std": 0.010390670900835708,
    "max_drawdown": 1.2145475840560012,
    "max_episode_loss": -0.2218450672886615,
    "sharpe_ratio": -0.3286036933017085,
    "sortino_ratio": -0.3275044352045043,
    "pnl_improvement": 0.18192991939465553,
    "pnl_improvement_pct": 14.168558079342489,
    "tc_savings": -0.16348461036495937,
    "tc_savings_pct": -62.63254492781437,
    "information_ratio": 0.8226569255527421
  },
  "benchmark_metrics": {
    "n_episodes": 183,
    "n_steps": 5307,
    "total_pnl": -1.2840397616741692,
    "mean_episode_pnl": -0.0070166107195309795,
    "std_episode_pnl": 0.05085369683446482,
    "net_pnl": -1.2840397616741692,
    "total_transaction_costs": 0.2610218226856016,
    "mean_tc_per_episode": 0.0014263487578448175,
    "tc_as_pct_of_gross_pnl": 25.514882265277517,
    "total_turnover": 149.58604145245474,
    "mean_turnover_per_step": 0.028186553882128273,
    "mean_turnover_per_episode": 0.8174100625817199,
    "rmse_tracking_error": 0.0,
    "mse_tracking_error": 0.0,
    "mean_absolute_tracking_error": 0.0,
    "mean_hedge_ratio": 0.5650167220421571,
    "std_hedge_ratio": 0.24600901632304817,
    "min_hedge_ratio": 4.1304824629063786e-151,
    "max_hedge_ratio": 1.0,
    "pnl_variance": 0.00012925586694485943,
    "pnl_std": 0.011369075025913913,
    "max_drawdown": 1.454225146783972,
    "max_episode_loss": -0.187810497438101,
    "sharpe_ratio": -0.337834908046274,
    "sortino_ratio": -0.3409766257342178,
    "pnl_improvement": 0.0,
    "pnl_improvement_pct": 0.0,
    "tc_savings": 0.0,
    "tc_savings_pct": 0.0,
    "information_ratio": 0.0
  },
  "test_period": "2004-2025",
  "episode_length": 30,
  "n_episodes": 183
}