{
  "opt_mean": 0.12110800243051877,
  "opt_std": 0.15264671344104683,
  "stock_mean": 115.0234996410166,
  "stock_std": 1.2414746045714244,
  "moneyness_mean": 0.9758354152506251,
  "moneyness_std": 0.01053241198586396,
  "ttm_mean": 0.0615079365079365,
  "ttm_std": 0.034310037749996775,
  "vol_mean": 0.10323910027064354,
  "vol_std": 0.0244443687708517
}