{
  "mode": "montecarlo",
  "num_train_trajectories": 12000,
  "episode_length_train": 30,
  "episode_length_test": 30,
  "use_windowed_test": true,
  "num_test_episodes": 183,
  "rl_agent": {
    "total_pnl": -1.1014043427853808,
    "sharpe_ratio": -0.32840780740418707,
    "mean_action": 0.717605223164434,
    "std_action": 0.2579459589003398,
    "mean_episode_pnl": -0.006018602966040332,
    "std_episode_pnl": 0.048838021056318154
  },
  "benchmark": {
    "total_pnl": -1.2833820616180334,
    "sharpe_ratio": -0.33764698879980065,
    "mean_episode_pnl": -0.007013016730153187,
    "mean_delta": 0.5650167220421571
  },
  "improvements": {
    "pnl": 0.18197771883265257,
    "tc_savings": -0.1634680299621083,
    "tc_savings_pct": -62.62619281415564,
    "information_ratio": 0.822876386028451
  },
  "model_path": "results/run_20251231_171949/td3_model.pth",
  "results_dir": "results/run_20251231_171949",
  "rl_agent_metrics": {
    "n_episodes": 183,
    "n_steps": 5124,
    "total_pnl": -1.1014043427853808,
    "mean_episode_pnl": -0.006018602966040332,
    "std_episode_pnl": 0.048838021056318154,
    "net_pnl": -1.1014043427853808,
    "total_transaction_costs": 0.4244898526477099,
    "mean_tc_per_episode": 0.0023196166811350265,
    "tc_as_pct_of_gross_pnl": 62.7095237038547,
    "total_turnover": 236.95060234698047,
    "mean_turnover_per_step": 0.04624328695296262,
    "mean_turnover_per_episode": 1.2948120346829537,
    "rmse_tracking_error": 0.1392264534233346,
    "mse_tracking_error": 0.019384005332839953,
    "mean_absolute_tracking_error": 0.11750800125126531,
    "mean_hedge_ratio": 0.717605223164434,
    "std_hedge_ratio": 0.2579459589003398,
    "min_hedge_ratio": 0.01550279978214052,
    "max_hedge_ratio": 1.0,
    "pnl_variance": 0.00010795653110031196,
    "pnl_std": 0.010390213236517908,
    "max_drawdown": 1.2145475840560012,
    "max_episode_loss": -0.2218450672886615,
    "sharpe_ratio": -0.32840780740418707,
    "sortino_ratio": -0.32726996228646776,
    "pnl_improvement": 0.18197771883265257,
    "pnl_improvement_pct": 14.17954358838574,
    "tc_savings": -0.1634680299621083,
    "tc_savings_pct": -62.62619281415564,
    "information_ratio": 0.822876386028451
  },
  "benchmark_metrics": {
    "n_episodes": 183,
    "n_steps": 5307,
    "total_pnl": -1.2833820616180334,
    "mean_episode_pnl": -0.007013016730153187,
    "std_episode_pnl": 0.05085347945218503,
    "net_pnl": -1.2833820616180334,
    "total_transaction_costs": 0.2610218226856016,
    "mean_tc_per_episode": 0.0014263487578448175,
    "tc_as_pct_of_gross_pnl": 25.53129638122132,
    "total_turnover": 149.58604145245474,
    "mean_turnover_per_step": 0.028186553882128273,
    "mean_turnover_per_episode": 0.8174100625817199,
    "rmse_tracking_error": 0.0,
    "mse_tracking_error": 0.0,
    "mean_absolute_tracking_error": 0.0,
    "mean_hedge_ratio": 0.5650167220421571,
    "std_hedge_ratio": 0.24600901632304817,
    "min_hedge_ratio": 4.1304824629063786e-151,
    "max_hedge_ratio": 1.0,
    "pnl_variance": 0.00012926725688786552,
    "pnl_std": 0.011369575932631151,
    "max_drawdown": 1.4542251467839717,
    "max_episode_loss": -0.187810497438101,
    "sharpe_ratio": -0.33764698879980065,
    "sortino_ratio": -0.34081001192532023,
    "pnl_improvement": 0.0,
    "pnl_improvement_pct": 0.0,
    "tc_savings": 0.0,
    "tc_savings_pct": 0.0,
    "information_ratio": 0.0
  }
}