{
  "mode": "montecarlo",
  "num_train_trajectories": 12000,
  "episode_length_train": 30,
  "episode_length_test": 30,
  "use_windowed_test": true,
  "num_test_episodes": 183,
  "rl_agent": {
    "total_pnl": -1.1754102126668269,
    "sharpe_ratio": -0.12156617222980681,
    "mean_action": 0.6452505523818296,
    "std_action": 0.23655000967042802,
    "mean_episode_pnl": -0.006423006626594681,
    "std_episode_pnl": 0.051827043828524544
  },
  "benchmark": {
    "total_pnl": -1.2833820616180334,
    "sharpe_ratio": 0.03399432439526531,
    "mean_episode_pnl": -0.007013016730153187,
    "mean_delta": 0.5637664244904098
  },
  "improvements": {
    "pnl": 0.10797184895120648,
    "sharpe": -0.15556049662507213
  },
  "model_path": "results/run_20251231_124230/td3_model.pth",
  "results_dir": "results/run_20251231_124230"
}