{
  "mode": "montecarlo",
  "num_train_trajectories": 6000,
  "episode_length_train": 30,
  "episode_length_test": 30,
  "use_windowed_test": true,
  "num_test_episodes": 183,
  "rl_agent": {
    "total_pnl": 0.19877406939052067,
    "sharpe_ratio": 1.0698605812554203,
    "mean_action": 0.9968443604114928,
    "std_action": 0.014561466695460358,
    "mean_episode_pnl": 0.0010861971004946487,
    "std_episode_pnl": 0.056193071162961634
  },
  "benchmark": {
    "total_pnl": -1.2833820616180334,
    "sharpe_ratio": 0.03399432439526531,
    "mean_episode_pnl": -0.007013016730153187,
    "mean_delta": 0.5637664244904098
  },
  "improvements": {
    "pnl": 1.482156131008554,
    "sharpe": 1.0358662568601549
  },
  "model_path": "results/run_20251230_093709/td3_model.pth",
  "results_dir": "results/run_20251230_093709"
}