{
  "mode": "montecarlo",
  "num_train_trajectories": 6000,
  "episode_length_train": 30,
  "episode_length_test": 30,
  "use_windowed_test": true,
  "num_test_episodes": 183,
  "rl_agent": {
    "total_pnl": 0.22302320716718904,
    "sharpe_ratio": 1.080663558310743,
    "mean_action": 0.9999999997557186,
    "std_action": 4.9201114386225e-09,
    "mean_episode_pnl": 0.0012187060500939283,
    "std_episode_pnl": 0.05632364112264565
  },
  "benchmark": {
    "total_pnl": -1.2833820616180334,
    "sharpe_ratio": 0.03399432439526531,
    "mean_episode_pnl": -0.007013016730153187,
    "mean_delta": 0.5637664244904098
  },
  "improvements": {
    "pnl": 1.5064052687852225,
    "sharpe": 1.0466692339154775
  },
  "model_path": "results/run_20251231_095359/td3_model.pth",
  "results_dir": "results/run_20251231_095359"
}