{
  "opt_mean": 0.2687505721913048,
  "opt_std": 0.39910183550742545,
  "stock_mean": 116.11586312280066,
  "stock_std": 1.6856505883078539,
  "moneyness_mean": 0.9752189569634531,
  "moneyness_std": 0.014157225070926777,
  "ttm_mean": 0.0615079365079365,
  "ttm_std": 0.034310037749996775,
  "vol_mean": 0.14728431982862086,
  "vol_std": 0.022827500731049707
}