{
  "mode": "montecarlo",
  "num_train_trajectories": 6000,
  "episode_length_train": 30,
  "episode_length_test": 30,
  "use_windowed_test": true,
  "num_test_episodes": 183,
  "rl_agent": {
    "total_pnl": 0.2230228251271783,
    "sharpe_ratio": 1.0806635116600751,
    "mean_action": 0.9999999926250303,
    "std_action": 1.3021065971957956e-07,
    "mean_episode_pnl": 0.0012187039624435958,
    "std_episode_pnl": 0.0563236392827974
  },
  "benchmark": {
    "total_pnl": -1.2833820616180334,
    "sharpe_ratio": 0.03399432439526531,
    "mean_episode_pnl": -0.007013016730153187,
    "mean_delta": 0.5637664244904098
  },
  "improvements": {
    "pnl": 1.5064048867452118,
    "sharpe": 1.0466691872648097
  },
  "model_path": "results/run_20251230_150834/td3_model.pth",
  "results_dir": "results/run_20251230_150834"
}