{
  "mode": "montecarlo",
  "num_train_trajectories": 12000,
  "episode_length_train": 30,
  "episode_length_test": 30,
  "use_windowed_test": true,
  "num_test_episodes": 183,
  "rl_agent": {
    "total_pnl": -1.3326536546798142,
    "sharpe_ratio": -0.3591260627331188,
    "mean_action": 0.6985509665315338,
    "std_action": 0.2236242444628947,
    "mean_episode_pnl": -0.007282260408086417,
    "std_episode_pnl": 0.05337313514839189
  },
  "benchmark": {
    "total_pnl": -1.2784505161995456,
    "sharpe_ratio": -0.3363317495906266,
    "mean_episode_pnl": -0.006986068394533036,
    "mean_delta": 0.5650167220421571
  },
  "improvements": {
    "pnl": -0.05420313848026859,
    "tc_savings": -0.2214351381459566,
    "tc_savings_pct": -84.83395597642163,
    "information_ratio": -0.20459058332036545
  },
  "model_path": "results/run_20260103_184051/td3_model.pth",
  "results_dir": "results/run_20260103_184051",
  "rl_agent_metrics": {
    "n_episodes": 183,
    "n_steps": 5124,
    "total_pnl": -1.3326536546798142,
    "mean_episode_pnl": -0.007282260408086417,
    "std_episode_pnl": 0.05337313514839189,
    "net_pnl": -1.3326536546798142,
    "total_transaction_costs": 0.4824569608315582,
    "mean_tc_per_episode": 0.002636376835145127,
    "tc_as_pct_of_gross_pnl": 56.74651105120242,
    "total_turnover": 267.1206544318048,
    "mean_turnover_per_step": 0.05213127525991506,
    "mean_turnover_per_episode": 1.459675707277622,
    "rmse_tracking_error": 0.2723012205430014,
    "mse_tracking_error": 0.07414795470920828,
    "mean_absolute_tracking_error": 0.26231650493544006,
    "mean_hedge_ratio": 0.6985509665315338,
    "std_hedge_ratio": 0.2236242444628947,
    "min_hedge_ratio": 0.0,
    "max_hedge_ratio": 1.0,
    "pnl_variance": 0.00013216700222933378,
    "pnl_std": 0.011496390834924401,
    "max_drawdown": 1.4440904349772208,
    "max_episode_loss": -0.23344868942528407,
    "tail_risk_5pct": -0.016383188769427678,
    "tail_risk_1pct": -0.039426905643994654,
    "positive_pnl_ratio": 58.333333333333336,
    "sharpe_ratio": -0.3591260627331188,
    "sortino_ratio": -0.36184690631674676,
    "calmar_ratio": -0.9228325473264669,
    "pnl_improvement": -0.05420313848026859,
    "pnl_improvement_pct": -4.239752559324583,
    "tc_savings": -0.2214351381459566,
    "tc_savings_pct": -84.83395597642163,
    "information_ratio": -0.20459058332036545,
    "variance_reduction": -2.8860690560868435e-06,
    "variance_reduction_pct": -2.2324011633016885,
    "drawdown_improvement": 0.010134711806751406,
    "drawdown_improvement_pct": 0.6969149054508089
  },
  "benchmark_metrics": {
    "n_episodes": 183,
    "n_steps": 5307,
    "total_pnl": -1.2784505161995456,
    "mean_episode_pnl": -0.006986068394533036,
    "std_episode_pnl": 0.050853322316890395,
    "net_pnl": -1.2784505161995456,
    "total_transaction_costs": 0.2610218226856016,
    "mean_tc_per_episode": 0.0014263487578448175,
    "tc_as_pct_of_gross_pnl": 25.6550482947456,
    "total_turnover": 149.58604145245474,
    "mean_turnover_per_step": 0.028186553882128273,
    "mean_turnover_per_episode": 0.8174100625817199,
    "rmse_tracking_error": 0.0,
    "mse_tracking_error": 0.0,
    "mean_absolute_tracking_error": 0.0,
    "mean_hedge_ratio": 0.5650167220421571,
    "std_hedge_ratio": 0.24600901632304817,
    "min_hedge_ratio": 4.1304824629063786e-151,
    "max_hedge_ratio": 1.0,
    "pnl_variance": 0.00012928093317324694,
    "pnl_std": 0.011370177358917799,
    "max_drawdown": 1.4542251467839722,
    "max_episode_loss": -0.187810497438101,
    "tail_risk_5pct": -0.01675006100054193,
    "tail_risk_1pct": -0.03896323336890303,
    "positive_pnl_ratio": 57.263990955342,
    "sharpe_ratio": -0.3363317495906266,
    "sortino_ratio": -0.33946816905154725,
    "calmar_ratio": -0.8791283241297586,
    "pnl_improvement": 0.0,
    "pnl_improvement_pct": 0.0,
    "tc_savings": 0.0,
    "tc_savings_pct": 0.0,
    "information_ratio": 0.0,
    "variance_reduction": 0.0,
    "variance_reduction_pct": 0.0,
    "drawdown_improvement": 0.0,
    "drawdown_improvement_pct": 0.0
  }
}