{
  "opt_mean": 0.1103383474200225,
  "opt_std": 0.15473944204192716,
  "stock_mean": 115.0234996410166,
  "stock_std": 1.2414746045714244,
  "moneyness_mean": 0.9755403630622914,
  "moneyness_std": 0.010529227420970838,
  "ttm_mean": 0.0615079365079365,
  "ttm_std": 0.034310037749996775,
  "vol_mean": 0.10442697417772921,
  "vol_std": 0.023243279018638527
}