{
  "mode": "montecarlo",
  "num_train_trajectories": 12000,
  "episode_length_train": 30,
  "episode_length_test": 30,
  "use_windowed_test": true,
  "num_test_episodes": 183,
  "rl_agent": {
    "total_pnl": -0.8437178822512892,
    "sharpe_ratio": -0.2531450828390689,
    "mean_action": 0.8155336026900448,
    "std_action": 0.21932603102780066,
    "mean_episode_pnl": -0.004610480230881362,
    "std_episode_pnl": 0.049606576271249
  },
  "benchmark": {
    "total_pnl": -1.2784505161995456,
    "sharpe_ratio": -0.3363317495906266,
    "mean_episode_pnl": -0.006986068394533036,
    "mean_delta": 0.5650167220421571
  },
  "improvements": {
    "pnl": 0.43473263394825645,
    "tc_savings": -0.14316180054371547,
    "tc_savings_pct": -54.84667874538312,
    "information_ratio": 1.6552353043184813
  },
  "model_path": "results/run_20260103_194146/sac_model.pth",
  "results_dir": "results/run_20260103_194146",
  "rl_agent_metrics": {
    "n_episodes": 183,
    "n_steps": 5124,
    "total_pnl": -0.8437178822512892,
    "mean_episode_pnl": -0.004610480230881362,
    "std_episode_pnl": 0.049606576271249,
    "net_pnl": -0.8437178822512892,
    "total_transaction_costs": 0.40418362322931706,
    "mean_tc_per_episode": 0.0022086536788487273,
    "tc_as_pct_of_gross_pnl": 91.95725132522881,
    "total_turnover": 227.98761413534083,
    "mean_turnover_per_step": 0.0444940698937043,
    "mean_turnover_per_episode": 1.2458339570237205,
    "rmse_tracking_error": 0.23890970422601224,
    "mse_tracking_error": 0.05707784677336065,
    "mean_absolute_tracking_error": 0.21543638077687619,
    "mean_hedge_ratio": 0.8155336026900448,
    "std_hedge_ratio": 0.21932603102780066,
    "min_hedge_ratio": 0.06674936668375836,
    "max_hedge_ratio": 1.0,
    "pnl_variance": 0.00010661978797172847,
    "pnl_std": 0.010325685835416864,
    "max_drawdown": 1.1094032723117015,
    "max_episode_loss": -0.22150922178200755,
    "tail_risk_5pct": -0.014771478367025848,
    "tail_risk_1pct": -0.035489110634930425,
    "positive_pnl_ratio": 59.816549570647936,
    "sharpe_ratio": -0.2531450828390689,
    "sortino_ratio": -0.25152238342996225,
    "calmar_ratio": -0.7605150474211289,
    "pnl_improvement": 0.43473263394825645,
    "pnl_improvement_pct": 34.00465082063463,
    "tc_savings": -0.14316180054371547,
    "tc_savings_pct": -54.84667874538312,
    "information_ratio": 1.6552353043184813,
    "variance_reduction": 2.266114520151847e-05,
    "variance_reduction_pct": 17.52860583946335,
    "drawdown_improvement": 0.34482187447227064,
    "drawdown_improvement_pct": 23.711725466640864
  },
  "benchmark_metrics": {
    "n_episodes": 183,
    "n_steps": 5307,
    "total_pnl": -1.2784505161995456,
    "mean_episode_pnl": -0.006986068394533036,
    "std_episode_pnl": 0.050853322316890395,
    "net_pnl": -1.2784505161995456,
    "total_transaction_costs": 0.2610218226856016,
    "mean_tc_per_episode": 0.0014263487578448175,
    "tc_as_pct_of_gross_pnl": 25.6550482947456,
    "total_turnover": 149.58604145245474,
    "mean_turnover_per_step": 0.028186553882128273,
    "mean_turnover_per_episode": 0.8174100625817199,
    "rmse_tracking_error": 0.0,
    "mse_tracking_error": 0.0,
    "mean_absolute_tracking_error": 0.0,
    "mean_hedge_ratio": 0.5650167220421571,
    "std_hedge_ratio": 0.24600901632304817,
    "min_hedge_ratio": 4.1304824629063786e-151,
    "max_hedge_ratio": 1.0,
    "pnl_variance": 0.00012928093317324694,
    "pnl_std": 0.011370177358917799,
    "max_drawdown": 1.4542251467839722,
    "max_episode_loss": -0.187810497438101,
    "tail_risk_5pct": -0.01675006100054193,
    "tail_risk_1pct": -0.03896323336890303,
    "positive_pnl_ratio": 57.263990955342,
    "sharpe_ratio": -0.3363317495906266,
    "sortino_ratio": -0.33946816905154725,
    "calmar_ratio": -0.8791283241297586,
    "pnl_improvement": 0.0,
    "pnl_improvement_pct": 0.0,
    "tc_savings": 0.0,
    "tc_savings_pct": 0.0,
    "information_ratio": 0.0,
    "variance_reduction": 0.0,
    "variance_reduction_pct": 0.0,
    "drawdown_improvement": 0.0,
    "drawdown_improvement_pct": 0.0
  }
}